id;name;type1;type2;abilities;egggroups;gender;capture;lvlingrate;expyield;eggsteps;height;weight;legendary;hp;atk;def;spatk;spdef;speed;evhp;evatk;evdef;evspatk;evspdef;evspeed
1;Bulbasaur;Grass;Poison;Overgrow;Monster,Grass;87.5;45;MediumSlow;64;5120;0.7;6.9;0;45;49;49;65;65;45;0;0;0;1;0;0
2;Ivysaur;Grass;Poison;Overgrow;Monster,Grass;87.5;45;MediumSlow;142;5120;1.0;13.0;0;60;62;63;80;80;60;0;0;0;1;1;0
3;Venusaur;Grass;Poison;Overgrow;Monster,Grass;87.5;45;MediumSlow;236;5120;2.0;100.0;0;80;100;123;122;120;80;0;0;0;2;1;0
4;Charmander;Fire;-;Blaze;Monster,Dragon;87.5;45;MediumSlow;62;5120;0.6;8.5;0;39;52;43;60;50;65;0;0;0;0;0;1
5;Charmeleon;Fire;-;Blaze;Monster,Dragon;87.5;45;MediumSlow;142;5120;1.1;19.0;0;58;64;58;80;65;80;0;0;0;1;0;1
6;Charizard;Fire;Flying;Blaze;Monster,Dragon;87.5;45;MediumSlow;240;5120;1.7;90.5;0;78;104;78;159;115;100;0;0;0;3;0;0
7;Squirtle;Water;-;Torrent;Monster,Water_1;87.5;45;MediumSlow;63;5120;0.5;9.0;0;44;48;65;50;64;43;0;0;1;0;0;0
8;Wartortle;Water;-;Torrent;Monster,Water_1;87.5;45;MediumSlow;142;5120;1.0;22.5;0;59;63;80;65;80;58;0;0;1;0;1;0
9;Blastoise;Water;-;Torrent;Monster,Water_1;87.5;45;MediumSlow;239;5120;1.6;85.5;0;79;103;120;135;115;78;0;0;0;0;3;0
10;Caterpie;Bug;-;Shield_Dust;Bug;50;255;Medium;39;3840;0.3;2.9;0;45;30;35;20;20;45;1;0;0;0;0;0
11;Metapod;Bug;-;Shed_Skin;Bug;50;120;Medium;72;3840;0.7;9.9;0;50;20;55;25;25;30;0;0;2;0;0;0
12;Butterfree;Bug;Flying;Compound_Eyes;Bug;50;45;Medium;178;3840;1.1;32.0;0;60;45;50;90;80;70;0;0;0;2;1;0
13;Weedle;Bug;Poison;Shield_Dust;Bug;50;255;Medium;39;3840;0.3;3.2;0;40;35;30;20;20;50;0;0;0;0;0;1
14;Kakuna;Bug;Poison;Shed_Skin;Bug;50;120;Medium;72;3840;0.6;10.0;0;45;25;50;25;25;35;0;0;2;0;0;0
15;Beedrill;Bug;Poison;Swarm;Bug;50;45;Medium;178;3840;1.0;29.5;0;65;150;40;15;80;145;0;2;0;0;1;0
16;Pidgey;Normal;Flying;Keen_Eye,Tangled_Feet;Flying;50;255;MediumSlow;50;3840;0.3;1.8;0;40;45;40;35;35;56;0;0;0;0;0;1
17;Pidgeotto;Normal;Flying;Keen_Eye,Tangled_Feet;Flying;50;120;MediumSlow;122;3840;1.1;30.0;0;63;60;55;50;50;71;0;0;0;0;0;2
18;Pidgeot;Normal;Flying;Keen_Eye,Tangled_Feet;Flying;50;45;MediumSlow;216;3840;1.5;39.5;0;83;80;80;135;80;121;0;0;0;0;0;3
19;Rattata;Normal;Dark;Run_Away,Guts;Field;50;255;Medium;51;3840;0.3;3.5;0;30;56;35;25;35;72;0;0;0;0;0;1
20;Raticate;Normal;Dark;Run_Away,Guts;Field;50;127;Medium;145;3840;0.7;18.5;0;75;71;70;40;80;77;0;0;0;0;0;2
21;Spearow;Normal;Flying;Keen_Eye;Flying;50;255;Medium;52;3840;0.3;2.0;0;40;60;30;31;31;70;0;0;0;0;0;1
22;Fearow;Normal;Flying;Keen_Eye;Flying;50;90;Medium;155;3840;1.2;38.0;0;65;90;65;61;61;100;0;0;0;0;0;2
23;Ekans;Poison;-;Intimidate,Shed_Skin;Field,Dragon;50;255;Medium;58;5120;2.0;6.9;0;35;60;44;40;54;55;0;1;0;0;0;0
24;Arbok;Poison;-;Intimidate,Shed_Skin;Field,Dragon;50;90;Medium;157;5120;3.5;65.0;0;60;95;69;65;79;80;0;2;0;0;0;0
25;Pikachu;Electric;-;Static;Field,Fairy;50;190;Medium;112;2560;0.4;6.0;0;35;55;40;50;50;90;0;0;0;0;0;2
26;Raichu;Electric;Electric;Static;Field,Fairy;50;75;Medium;218;2560;0.8;30.0;0;60;85;50;95;85;110;0;0;0;0;0;3
27;Sandshrew;Ground;Ice;Sand_Veil;Field;50;255;Medium;60;5120;0.6;12.0;0;50;75;90;10;35;40;0;0;1;0;0;0
28;Sandslash;Ground;Ice;Sand_Veil;Field;50;90;Medium;158;5120;1.0;29.5;0;75;100;120;25;65;65;0;0;2;0;0;0
29;Nidoran;Poison;-;Poison_Point,Rivalry;Monster,Field;0;235;MediumSlow;55;5120;0.4;7.0;0;55;47;52;40;40;41;1;0;0;0;0;0
30;Nidorina;Poison;-;Poison_Point,Rivalry;Undiscovered;0;120;MediumSlow;128;5120;0.8;20.0;0;70;62;67;55;55;56;2;0;0;0;0;0
31;Nidoqueen;Poison;Ground;Poison_Point,Rivalry;Undiscovered;0;45;MediumSlow;227;5120;1.3;60.0;0;90;92;87;75;85;76;3;0;0;0;0;0
32;Nidoran;Poison;-;Poison_Point,Rivalry;Monster,Field;100;235;MediumSlow;55;5120;0.5;9.0;0;46;57;40;40;40;50;0;1;0;0;0;0
33;Nidorino;Poison;-;Poison_Point,Rivalry;Monster,Field;100;120;MediumSlow;128;5120;0.9;19.5;0;61;72;57;55;55;65;0;2;0;0;0;0
34;Nidoking;Poison;Ground;Poison_Point,Rivalry;Monster,Field;100;45;MediumSlow;227;5120;1.4;62.0;0;81;102;77;85;75;85;0;3;0;0;0;0
35;Clefairy;Normal;-;Cute_Charm,Magic_Guard;Fairy;25;150;Fast;113;2560;0.6;7.5;0;70;45;48;60;65;35;2;0;0;0;0;0
36;Clefable;Normal;-;Cute_Charm,Magic_Guard;Fairy;25;25;Fast;217;2560;1.3;40.0;0;95;70;73;95;90;60;3;0;0;0;0;0
37;Vulpix;Fire;Ice;Flash_Fire;Field;25;190;Medium;60;5120;0.6;9.9;0;38;41;40;50;65;65;0;0;0;0;0;1
38;Ninetales;Fire;Ice;Flash_Fire;Field;25;75;Medium;177;5120;1.1;19.9;0;73;67;75;81;100;109;0;0;0;0;1;1
39;Jigglypuff;Normal;-;Cute_Charm;Fairy;25;170;Fast;95;2560;0.5;5.5;0;115;45;20;45;25;20;2;0;0;0;0;0
40;Wigglytuff;Normal;-;Cute_Charm;Fairy;25;50;Fast;196;2560;1.0;12.0;0;140;70;45;85;50;45;3;0;0;0;0;0
41;Zubat;Poison;Flying;Inner_Focus;Flying;50;255;Medium;49;3840;0.8;7.5;0;40;45;35;30;40;55;0;0;0;0;0;1
42;Golbat;Poison;Flying;Inner_Focus;Flying;50;90;Medium;159;3840;1.6;55.0;0;75;80;70;65;75;90;0;0;0;0;0;2
43;Oddish;Grass;Poison;Chlorophyll;Grass;50;255;MediumSlow;64;5120;0.5;5.4;0;45;50;55;75;65;30;0;0;0;1;0;0
44;Gloom;Grass;Poison;Chlorophyll;Grass;50;120;MediumSlow;138;5120;0.8;8.6;0;60;65;70;85;75;40;0;0;0;2;0;0
45;Vileplume;Grass;Poison;Chlorophyll;Grass;50;45;MediumSlow;221;5120;1.2;18.6;0;75;80;85;110;90;50;0;0;0;3;0;0
46;Paras;Bug;Grass;Effect_Spore,Dry_Skin;Bug,Grass;50;190;Medium;57;5120;0.3;5.4;0;35;70;55;45;55;25;0;1;0;0;0;0
47;Parasect;Bug;Grass;Effect_Spore,Dry_Skin;Bug,Grass;50;75;Medium;142;5120;1.0;29.5;0;60;95;80;60;80;30;0;2;1;0;0;0
48;Venonat;Bug;Poison;Compound_Eyes,Tinted_Lens;Bug;50;190;Medium;61;5120;1.0;30.0;0;60;55;50;40;55;45;0;0;0;0;1;0
49;Venomoth;Bug;Poison;Shield_Dust,Tinted_Lens;Bug;50;75;Medium;158;5120;1.5;12.5;0;70;65;60;90;75;90;0;0;0;1;0;1
50;Diglett;Ground;Ground;Sand_Veil,Arena_Trap;Field;50;255;Medium;53;5120;0.2;0.8;0;10;55;30;35;45;90;0;0;0;0;0;1
51;Dugtrio;Ground;Ground;Sand_Veil,Arena_Trap;Field;50;50;Medium;149;5120;0.7;33.3;0;35;100;60;50;70;110;0;0;0;0;0;2
52;Meowth;Normal;Dark;Pickup,Technician;Field;50;255;Medium;58;5120;0.4;4.2;0;40;35;35;50;40;90;0;0;0;0;0;1
53;Persian;Normal;Dark;Limber,Technician;Field;50;90;Medium;154;5120;1.0;32.0;0;65;60;60;75;65;115;0;0;0;0;0;2
54;Psyduck;Water;-;Damp,Cloud_Nine;Water_1,Field;50;190;Medium;64;5120;0.8;19.6;0;50;52;48;65;50;55;0;0;0;1;0;0
55;Golduck;Water;-;Damp,Cloud_Nine;Water_1,Field;50;75;Medium;175;5120;1.7;76.6;0;80;82;78;95;80;85;0;0;0;2;0;0
56;Mankey;Fighting;-;Vital_Spirit,Anger_Point;Field;50;190;Medium;61;5120;0.5;28.0;0;40;80;35;35;45;70;0;1;0;0;0;0
57;Primeape;Fighting;-;Vital_Spirit,Anger_Point;Field;50;75;Medium;159;5120;1.0;32.0;0;65;105;60;60;70;95;0;2;0;0;0;0
58;Growlithe;Fire;-;Intimidate,Flash_Fire;Field;75;190;Slow;70;5120;0.7;19.0;0;55;70;45;70;50;60;0;1;0;0;0;0
59;Arcanine;Fire;-;Intimidate,Flash_Fire;Field;75;75;Slow;194;5120;1.9;155.0;0;90;110;80;100;80;95;0;2;0;0;0;0
60;Poliwag;Water;-;Water_Absorb,Damp;Water_1;50;255;MediumSlow;60;5120;0.6;12.4;0;40;50;40;40;40;90;0;0;0;0;0;1
61;Poliwhirl;Water;-;Water_Absorb,Damp;Water_1;50;120;MediumSlow;135;5120;1.0;20.0;0;65;65;65;50;50;90;0;0;0;0;0;2
62;Poliwrath;Water;Fighting;Water_Absorb,Damp;Water_1;50;45;MediumSlow;230;5120;1.3;54.0;0;90;95;95;70;90;70;0;0;3;0;0;0
63;Abra;Psychic;-;Synchronize,Inner_Focus;Human_Like;75;200;MediumSlow;62;5120;0.9;19.5;0;25;20;15;105;55;90;0;0;0;1;0;0
64;Kadabra;Psychic;-;Synchronize,Inner_Focus;Human_Like;75;100;MediumSlow;140;5120;1.3;56.5;0;40;35;30;120;70;105;0;0;0;2;0;0
65;Alakazam;Psychic;-;Synchronize,Inner_Focus;Human_Like;75;50;MediumSlow;225;5120;1.5;48.0;0;55;50;65;175;105;150;0;0;0;3;0;0
66;Machop;Fighting;-;Guts,No_Guard;Human_Like;75;180;MediumSlow;61;5120;0.8;19.5;0;70;80;50;35;35;35;0;1;0;0;0;0
67;Machoke;Fighting;-;Guts,No_Guard;Human_Like;75;90;MediumSlow;142;5120;1.5;70.5;0;80;100;70;50;60;45;0;2;0;0;0;0
68;Machamp;Fighting;-;Guts,No_Guard;Human_Like;75;45;MediumSlow;227;5120;1.6;130.0;0;90;130;80;65;85;55;0;3;0;0;0;0
69;Bellsprout;Grass;Poison;Chlorophyll;Grass;50;255;MediumSlow;60;5120;0.7;4.0;0;50;75;35;70;30;40;0;1;0;0;0;0
70;Weepinbell;Grass;Poison;Chlorophyll;Grass;50;120;MediumSlow;137;5120;1.0;6.4;0;65;90;50;85;45;55;0;2;0;0;0;0
71;Victreebel;Grass;Poison;Chlorophyll;Grass;50;45;MediumSlow;221;5120;1.7;15.5;0;80;105;65;100;70;70;0;3;0;0;0;0
72;Tentacool;Water;Poison;Clear_Body,Liquid_Ooze;Water_3;50;190;Slow;67;5120;0.9;45.5;0;40;40;35;50;100;70;0;0;0;0;1;0
73;Tentacruel;Water;Poison;Clear_Body,Liquid_Ooze;Water_3;50;60;Slow;180;5120;1.6;55.0;0;80;70;65;80;120;100;0;0;0;0;2;0
74;Geodude;Rock;Ground;Rock_Head,Sturdy;Mineral;50;255;MediumSlow;60;3840;0.4;20.0;0;40;80;100;30;30;20;0;0;1;0;0;0
75;Graveler;Rock;Ground;Rock_Head,Sturdy;Mineral;50;120;MediumSlow;137;3840;1.0;105.0;0;55;95;115;45;45;35;0;0;2;0;0;0
76;Golem;Rock;Ground;Rock_Head,Sturdy;Mineral;50;45;MediumSlow;223;3840;1.4;300.0;0;80;120;130;55;65;45;0;0;3;0;0;0
77;Ponyta;Fire;-;Run_Away,Flash_Fire;Field;50;190;Medium;82;5120;1.0;30.0;0;50;85;55;65;65;90;0;0;0;0;0;1
78;Rapidash;Fire;-;Run_Away,Flash_Fire;Field;50;60;Medium;175;5120;1.7;95.0;0;65;100;70;80;80;105;0;0;0;0;0;2
79;Slowpoke;Water;Psychic;Oblivious,Own_Tempo;Monster,Water_1;50;190;Medium;63;5120;1.2;36.0;0;90;65;65;40;40;15;1;0;0;0;0;0
80;Slowbro;Water;Psychic;Oblivious,Own_Tempo;Monster,Water_1;50;75;Medium;172;5120;1.6;78.5;0;95;75;180;130;80;30;0;0;2;0;0;0
81;Magnemite;Electric;Steel;Magnet_Pull,Sturdy;Mineral;-;190;Medium;65;5120;0.3;6.0;0;25;35;70;95;55;45;0;0;0;1;0;0
82;Magneton;Electric;Steel;Magnet_Pull,Sturdy;Mineral;-;60;Medium;163;5120;1.0;60.0;0;50;60;95;120;70;70;0;0;0;2;0;0
83;Farfetch'd;Normal;Flying;Keen_Eye,Inner_Focus;Flying,Field;50;45;Medium;132;5120;0.8;15.0;0;52;90;55;58;62;60;0;1;0;0;0;0
84;Doduo;Normal;Flying;Run_Away,Early_Bird;Flying;50;190;Medium;62;5120;1.4;39.2;0;35;85;45;35;35;75;0;1;0;0;0;0
85;Dodrio;Normal;Flying;Run_Away,Early_Bird;Flying;50;45;Medium;165;5120;1.8;85.2;0;60;110;70;60;60;110;0;2;0;0;0;0
86;Seel;Water;-;Thick_Fat,Hydration;Water_1,Field;50;190;Medium;65;5120;1.1;90.0;0;65;45;55;45;70;45;0;0;0;0;1;0
87;Dewgong;Water;Ice;Thick_Fat,Hydration;Water_1,Field;50;75;Medium;166;5120;1.7;120.0;0;90;70;80;70;95;70;0;0;0;0;2;0
88;Grimer;Poison;Poison;Stench,Sticky_Hold;Amorphous;50;190;Medium;65;5120;0.9;30.0;0;80;80;50;40;50;25;1;0;0;0;0;0
89;Muk;Poison;Poison;Stench,Sticky_Hold;Amorphous;50;75;Medium;175;5120;1.2;30.0;0;105;105;75;65;100;50;1;1;0;0;0;0
90;Shellder;Water;-;Shell_Armor,Skill_Link;Water_3;50;190;Slow;61;5120;0.3;4.0;0;30;65;100;45;25;40;0;0;1;0;0;0
91;Cloyster;Water;Ice;Shell_Armor,Skill_Link;Water_3;50;60;Slow;184;5120;1.5;132.5;0;50;95;180;85;45;70;0;0;2;0;0;0
92;Gastly;Ghost;Poison;Levitate;Amorphous;50;190;MediumSlow;62;5120;1.3;0.1;0;30;35;30;100;35;80;0;0;0;1;0;0
93;Haunter;Ghost;Poison;Levitate;Amorphous;50;90;MediumSlow;142;5120;1.6;0.1;0;45;50;45;115;55;95;0;0;0;2;0;0
94;Gengar;Ghost;Poison;Levitate;Amorphous;50;45;MediumSlow;225;5120;1.5;40.5;0;60;65;80;170;95;130;0;0;0;3;0;0
95;Onix;Rock;Ground;Rock_Head,Sturdy;Mineral;50;45;Medium;77;6400;8.8;210.0;0;35;45;160;30;45;70;0;0;1;0;0;0
96;Drowzee;Psychic;-;Insomnia,Forewarn;Human_Like;50;190;Medium;66;5120;1.0;32.4;0;60;48;45;43;90;42;0;0;0;0;1;0
97;Hypno;Psychic;-;Insomnia,Forewarn;Human_Like;50;75;Medium;169;5120;1.6;75.6;0;85;73;70;73;115;67;0;0;0;0;2;0
98;Krabby;Water;-;Hyper_Cutter,Shell_Armor;Water_3;50;225;Medium;65;5120;0.4;6.5;0;30;105;90;25;25;50;0;1;0;0;0;0
99;Kingler;Water;-;Hyper_Cutter,Shell_Armor;Water_3;50;60;Medium;166;5120;1.3;60.0;0;55;130;115;50;50;75;0;2;0;0;0;0
100;Voltorb;Electric;-;Soundproof,Static;Mineral;-;190;Medium;66;5120;0.5;10.4;0;40;30;50;55;55;100;0;0;0;0;0;1
101;Electrode;Electric;-;Soundproof,Static;Mineral;-;60;Medium;172;5120;1.2;66.6;0;60;50;70;80;80;150;0;0;0;0;0;2
102;Exeggcute;Grass;Psychic;Chlorophyll;Grass;50;90;Slow;65;5120;0.4;2.5;0;60;40;80;60;45;40;0;0;1;0;0;0
103;Exeggutor;Grass;Psychic;Chlorophyll;Grass;50;45;Slow;186;5120;2.0;120.0;0;95;105;85;125;75;45;0;0;0;2;0;0
104;Cubone;Ground;-;Rock_Head,Lightning_Rod;Monster;50;190;Medium;64;5120;0.4;6.5;0;50;50;95;40;50;35;0;0;1;0;0;0
105;Marowak;Ground;Fire;Rock_Head,Lightning_Rod;Monster;50;75;Medium;149;5120;1.0;45.0;0;60;80;110;50;80;45;0;0;2;0;0;0
106;Hitmonlee;Fighting;-;Limber,Reckless;Human_Like;100;45;Medium;159;6400;1.5;49.8;0;50;120;53;35;110;87;0;2;0;0;0;0
107;Hitmonchan;Fighting;-;Keen_Eye,Iron_Fist;Human_Like;100;45;Medium;159;6400;1.4;50.2;0;50;105;79;35;110;76;0;0;0;0;2;0
108;Lickitung;Normal;-;Own_Tempo,Oblivious;Monster;50;45;Medium;77;5120;1.2;65.5;0;90;55;75;60;75;30;2;0;0;0;0;0
109;Koffing;Poison;-;Levitate;Amorphous;50;190;Medium;68;5120;0.6;1.0;0;40;65;95;60;45;35;0;0;1;0;0;0
110;Weezing;Poison;-;Levitate;Amorphous;50;60;Medium;172;5120;1.2;9.5;0;65;90;120;85;70;60;0;0;2;0;0;0
111;Rhyhorn;Ground;Rock;Lightning_Rod,Rock_Head;Monster,Field;50;120;Slow;69;5120;1.0;115.0;0;80;85;95;30;30;25;0;0;1;0;0;0
112;Rhydon;Ground;Rock;Lightning_Rod,Rock_Head;Monster,Field;50;60;Slow;170;5120;1.9;120.0;0;105;130;120;45;45;40;0;2;0;0;0;0
113;Chansey;Normal;-;Natural_Cure,Serene_Grace;Fairy;0;30;Fast;395;10240;1.1;34.6;0;250;5;5;35;105;50;2;0;0;0;0;0
114;Tangela;Grass;-;Chlorophyll,Leaf_Guard;Grass;50;45;Medium;87;5120;1.0;35.0;0;65;55;115;100;40;60;0;0;1;0;0;0
115;Kangaskhan;Normal;-;Early_Bird,Scrappy;Monster;0;45;Medium;172;5120;2.2;80.0;0;105;125;100;60;100;100;2;0;0;0;0;0
116;Horsea;Water;-;Swift_Swim,Sniper;Water_1,Dragon;50;225;Medium;59;5120;0.4;8.0;0;30;40;70;70;25;60;0;0;0;1;0;0
117;Seadra;Water;-;Poison_Point,Sniper;Water_1,Dragon;50;75;Medium;154;5120;1.2;25.0;0;55;65;95;95;45;85;0;0;1;1;0;0
118;Goldeen;Water;-;Swift_Swim,Water_Veil;Water_2;50;225;Medium;64;5120;0.6;15.0;0;45;67;60;35;50;63;0;1;0;0;0;0
119;Seaking;Water;-;Swift_Swim,Water_Veil;Water_2;50;60;Medium;158;5120;1.3;39.0;0;80;92;65;65;80;68;0;2;0;0;0;0
120;Staryu;Water;-;Illuminate,Natural_Cure;Water_3;-;225;Slow;68;5120;0.8;34.5;0;30;45;55;70;55;85;0;0;0;0;0;1
121;Starmie;Water;Psychic;Illuminate,Natural_Cure;Water_3;-;60;Slow;182;5120;1.1;80.0;0;60;75;85;100;85;115;0;0;0;0;0;2
122;Mr. Mime;Psychic;-;Soundproof,Filter;Human_Like;50;45;Medium;161;6400;1.3;54.5;0;40;45;65;100;120;90;0;0;0;0;2;0
123;Scyther;Bug;Flying;Swarm,Technician;Bug;50;45;Medium;100;6400;1.5;56.0;0;70;110;80;55;80;105;0;1;0;0;0;0
124;Jynx;Ice;Psychic;Oblivious,Forewarn;Human_Like;0;45;Medium;159;6400;1.4;40.6;0;65;50;35;115;95;95;0;0;0;2;0;0
125;Electabuzz;Electric;-;Static;Human_Like;75;45;Medium;172;6400;1.1;30.0;0;65;83;57;95;85;105;0;0;0;0;0;2
126;Magmar;Fire;-;Flame_Body;Human_Like;75;45;Medium;173;6400;1.3;44.5;0;65;95;57;100;85;93;0;0;0;2;0;0
127;Pinsir;Bug;-;Hyper_Cutter,Mold_Breaker;Bug;50;45;Slow;175;6400;1.5;55.0;0;65;155;120;65;90;105;0;2;0;0;0;0
128;Tauros;Normal;-;Intimidate,Anger_Point;Field;100;45;Slow;172;5120;1.4;88.4;0;75;100;95;40;70;110;0;1;0;0;0;1
129;Magikarp;Water;-;Swift_Swim;Water_2,Dragon;50;255;Slow;40;1280;0.9;10.0;0;20;10;55;15;20;80;0;0;0;0;0;1
130;Gyarados;Water;Flying;Intimidate;Water_2,Dragon;50;45;Slow;189;1280;6.5;235.0;0;95;155;109;70;130;81;0;2;0;0;0;0
131;Lapras;Water;Ice;Water_Absorb,Shell_Armor;Monster,Water_1;50;45;Slow;187;10240;2.5;220.0;0;130;85;80;85;95;60;2;0;0;0;0;0
132;Ditto;Normal;-;Limber;Ditto;-;35;Medium;101;5120;0.3;4.0;0;48;48;48;48;48;48;1;0;0;0;0;0
133;Eevee;Normal;-;Run_Away,Adaptability;Field;87.5;45;Medium;65;8960;0.3;6.5;0;55;55;50;45;65;55;0;0;0;0;1;0
134;Vaporeon;Water;-;Water_Absorb;Field;87.5;45;Medium;184;8960;1.0;29.0;0;130;65;60;110;95;65;2;0;0;0;0;0
135;Jolteon;Electric;-;Volt_Absorb;Field;87.5;45;Medium;184;8960;0.8;24.5;0;65;65;60;110;95;130;0;0;0;0;0;2
136;Flareon;Fire;-;Flash_Fire;Field;87.5;45;Medium;184;8960;0.9;25.0;0;65;130;60;95;110;65;0;2;0;0;0;0
137;Porygon;Normal;-;Trace,Download;Mineral;-;45;Medium;79;5120;0.8;36.5;0;65;60;70;85;75;40;0;0;0;1;0;0
138;Omanyte;Rock;Water;Swift_Swim,Shell_Armor;Water_1,Water_3;87.5;45;Medium;71;7680;0.4;7.5;0;35;40;100;90;55;35;0;0;1;0;0;0
139;Omastar;Rock;Water;Swift_Swim,Shell_Armor;Water_1,Water_3;87.5;45;Medium;173;7680;1.0;35.0;0;70;60;125;115;70;55;0;0;2;0;0;0
140;Kabuto;Rock;Water;Swift_Swim,Battle_Armor;Water_1,Water_3;87.5;45;Medium;71;7680;0.5;11.5;0;30;80;90;55;45;55;0;0;1;0;0;0
141;Kabutops;Rock;Water;Swift_Swim,Battle_Armor;Water_1,Water_3;87.5;45;Medium;173;7680;1.3;40.5;0;60;115;105;65;70;80;0;2;0;0;0;0
142;Aerodactyl;Rock;Flying;Rock_Head,Pressure;Flying;87.5;45;Slow;180;8960;1.8;59.0;0;80;135;85;70;95;150;0;0;0;0;0;2
143;Snorlax;Normal;-;Immunity,Thick_Fat;Monster;87.5;25;Slow;189;10240;2.1;460.0;0;160;110;65;65;110;30;2;0;0;0;0;0
144;Articuno;Ice;Flying;Pressure;Undiscovered;-;3;Slow;261;20480;1.7;55.4;1;90;85;100;95;125;85;0;0;0;0;3;0
145;Zapdos;Electric;Flying;Pressure;Undiscovered;-;3;Slow;261;20480;1.6;52.6;1;90;90;85;125;90;100;0;0;0;3;0;0
146;Moltres;Fire;Flying;Pressure;Undiscovered;-;3;Slow;261;20480;2.0;60.0;1;90;100;90;125;85;90;0;0;0;3;0;0
147;Dratini;Dragon;-;Shed_Skin;Water_1,Dragon;50;45;Slow;60;10240;1.8;3.3;0;41;64;45;50;50;50;0;1;0;0;0;0
148;Dragonair;Dragon;-;Shed_Skin;Water_1,Dragon;50;45;Slow;147;10240;4.0;16.5;0;61;84;65;70;70;70;0;2;0;0;0;0
149;Dragonite;Dragon;Flying;Inner_Focus;Water_1,Dragon;50;45;Slow;270;10240;2.2;210.0;0;91;134;95;100;100;80;0;3;0;0;0;0
150;Mewtwo;Psychic;-;Pressure;Undiscovered;-;3;Slow;306;30720;2.0;122.0;1;106;150;70;194;120;140;0;0;0;3;0;0
151;Mew;Psychic;-;Synchronize;Undiscovered;-;45;MediumSlow;270;30720;0.4;4.0;1;100;100;100;100;100;100;3;0;0;0;0;0
152;Chikorita;Grass;-;Overgrow;Monster,Grass;87.5;45;MediumSlow;64;5120;0.9;6.4;0;45;49;65;49;65;45;0;0;0;0;1;0
153;Bayleef;Grass;-;Overgrow;Monster,Grass;87.5;45;MediumSlow;142;5120;1.2;15.8;0;60;62;80;63;80;60;0;0;1;0;1;0
154;Meganium;Grass;-;Overgrow;Monster,Grass;87.5;45;MediumSlow;236;5120;1.8;100.5;0;80;82;100;83;100;80;0;0;1;0;2;0
155;Cyndaquil;Fire;-;Blaze;Field;87.5;45;MediumSlow;62;5120;0.5;7.9;0;39;52;43;60;50;65;0;0;0;0;0;1
156;Quilava;Fire;-;Blaze;Field;87.5;45;MediumSlow;142;5120;0.9;19.0;0;58;64;58;80;65;80;0;0;0;1;0;1
157;Typhlosion;Fire;-;Blaze;Field;87.5;45;MediumSlow;240;5120;1.7;79.5;0;78;84;78;109;85;100;0;0;0;3;0;0
158;Totodile;Water;-;Torrent;Monster,Water_1;87.5;45;MediumSlow;63;5120;0.6;9.5;0;50;65;64;44;48;43;0;1;0;0;0;0
159;Croconaw;Water;-;Torrent;Monster,Water_1;87.5;45;MediumSlow;142;5120;1.1;25.0;0;65;80;80;59;63;58;0;1;1;0;0;0
160;Feraligatr;Water;-;Torrent;Monster,Water_1;87.5;45;MediumSlow;239;5120;2.3;88.8;0;85;105;100;79;83;78;0;2;1;0;0;0
161;Sentret;Normal;-;Run_Away,Keen_Eye;Field;50;255;Medium;43;3840;0.8;6.0;0;35;46;34;35;45;20;0;1;0;0;0;0
162;Furret;Normal;-;Run_Away,Keen_Eye;Field;50;90;Medium;145;3840;1.8;32.5;0;85;76;64;45;55;90;0;0;0;0;0;2
163;Hoothoot;Normal;Flying;Insomnia,Keen_Eye;Flying;50;255;Medium;52;3840;0.7;21.2;0;60;30;30;36;56;50;1;0;0;0;0;0
164;Noctowl;Normal;Flying;Insomnia,Keen_Eye;Flying;50;90;Medium;158;3840;1.6;40.8;0;100;50;50;86;96;70;2;0;0;0;0;0
165;Ledyba;Bug;Flying;Swarm,Early_Bird;Bug;50;255;Fast;53;3840;1.0;10.8;0;40;20;30;40;80;55;0;0;0;0;1;0
166;Ledian;Bug;Flying;Swarm,Early_Bird;Bug;50;90;Fast;137;3840;1.4;35.6;0;55;35;50;55;110;85;0;0;0;0;2;0
167;Spinarak;Bug;Poison;Swarm,Insomnia;Bug;50;255;Fast;50;3840;0.5;8.5;0;40;60;40;40;40;30;0;1;0;0;0;0
168;Ariados;Bug;Poison;Swarm,Insomnia;Bug;50;90;Fast;140;3840;1.1;33.5;0;70;90;70;60;70;40;0;2;0;0;0;0
169;Crobat;Poison;Flying;Inner_Focus;Flying;50;90;Medium;241;3840;1.8;75.0;0;85;90;80;70;80;130;0;0;0;0;0;3
170;Chinchou;Water;Electric;Volt_Absorb,Illuminate;Water_2;50;190;Slow;66;5120;0.5;12.0;0;75;38;38;56;56;67;1;0;0;0;0;0
171;Lanturn;Water;Electric;Volt_Absorb,Illuminate;Water_2;50;75;Slow;161;5120;1.2;22.5;0;125;58;58;76;76;67;2;0;0;0;0;0
172;Pichu;Electric;-;Static;Undiscovered;50;190;Medium;41;2560;0.3;2.0;0;20;40;15;35;35;60;0;0;0;0;0;1
173;Cleffa;Normal;-;Cute_Charm,Magic_Guard;Undiscovered;25;150;Fast;44;2560;0.3;3.0;0;50;25;28;45;55;15;0;0;0;0;1;0
174;Igglybuff;Normal;-;Cute_Charm;Undiscovered;25;170;Fast;42;2560;0.3;1.0;0;90;30;15;40;20;15;1;0;0;0;0;0
175;Togepi;Normal;-;Hustle,Serene_Grace;Undiscovered;87.5;190;Fast;49;2560;0.3;1.5;0;35;20;65;40;65;20;0;0;0;0;1;0
176;Togetic;Normal;Flying;Hustle,Serene_Grace;Flying,Fairy;87.5;75;Fast;142;2560;0.6;3.2;0;55;40;85;80;105;40;0;0;0;0;2;0
177;Natu;Psychic;Flying;Synchronize,Early_Bird;Flying;50;190;Medium;64;5120;0.2;2.0;0;40;50;45;70;45;70;0;0;0;1;0;0
178;Xatu;Psychic;Flying;Synchronize,Early_Bird;Flying;50;75;Medium;165;5120;1.5;15.0;0;65;75;70;95;70;95;0;0;0;1;0;1
179;Mareep;Electric;-;Static;Monster,Field;50;235;MediumSlow;56;5120;0.6;7.8;0;55;40;40;65;45;35;0;0;0;1;0;0
180;Flaaffy;Electric;-;Static;Monster,Field;50;120;MediumSlow;128;5120;0.8;13.3;0;70;55;55;80;60;45;0;0;0;2;0;0
181;Ampharos;Electric;-;Static;Monster,Field;50;45;MediumSlow;230;5120;1.4;61.5;0;90;95;105;165;110;45;0;0;0;3;0;0
182;Bellossom;Grass;-;Chlorophyll;Grass;50;45;MediumSlow;221;5120;0.4;5.8;0;75;80;95;90;100;50;0;0;0;0;3;0
183;Marill;Water;-;Thick_Fat,Huge_Power;Water_1,Fairy;50;190;Fast;88;2560;0.4;8.5;0;70;20;50;20;50;40;2;0;0;0;0;0
184;Azumarill;Water;-;Thick_Fat,Huge_Power;Water_1,Fairy;50;75;Fast;189;2560;0.8;28.5;0;100;50;80;60;80;50;3;0;0;0;0;0
185;Sudowoodo;Rock;-;Sturdy,Rock_Head;Mineral;50;65;Medium;144;5120;1.2;38.0;0;70;100;115;30;65;30;0;0;2;0;0;0
186;Politoed;Water;-;Water_Absorb,Damp;Water_1;50;45;MediumSlow;225;5120;1.1;33.9;0;90;75;75;90;100;70;0;0;0;0;3;0
187;Hoppip;Grass;Flying;Chlorophyll,Leaf_Guard;Fairy,Grass;50;255;MediumSlow;50;5120;0.4;0.5;0;35;35;40;35;55;50;0;0;0;0;1;0
188;Skiploom;Grass;Flying;Chlorophyll,Leaf_Guard;Fairy,Grass;50;120;MediumSlow;119;5120;0.6;1.0;0;55;45;50;45;65;80;0;0;0;0;0;2
189;Jumpluff;Grass;Flying;Chlorophyll,Leaf_Guard;Fairy,Grass;50;45;MediumSlow;207;5120;0.8;3.0;0;75;55;70;55;95;110;0;0;0;0;0;3
190;Aipom;Normal;-;Run_Away,Pickup;Field;50;45;Fast;72;5120;0.8;11.5;0;55;70;55;40;55;85;0;0;0;0;0;1
191;Sunkern;Grass;-;Chlorophyll,Solar_Power;Grass;50;235;MediumSlow;36;5120;0.3;1.8;0;30;30;30;30;30;30;0;0;0;1;0;0
192;Sunflora;Grass;-;Chlorophyll,Solar_Power;Grass;50;120;MediumSlow;149;5120;0.8;8.5;0;75;75;55;105;85;30;0;0;0;2;0;0
193;Yanma;Bug;Flying;Speed_Boost,Compound_Eyes;Bug;50;75;Medium;78;5120;1.2;38.0;0;65;65;45;75;45;95;0;0;0;0;0;1
194;Wooper;Water;Ground;Damp,Water_Absorb;Water_1,Field;50;255;Medium;42;5120;0.4;8.5;0;55;45;45;25;25;15;1;0;0;0;0;0
195;Quagsire;Water;Ground;Damp,Water_Absorb;Water_1,Field;50;90;Medium;151;5120;1.4;75.0;0;95;85;85;65;65;35;2;0;0;0;0;0
196;Espeon;Psychic;-;Synchronize;Field;87.5;45;Medium;184;8960;0.9;26.5;0;65;65;60;130;95;110;0;0;0;2;0;0
197;Umbreon;Dark;-;Synchronize;Field;87.5;45;Medium;184;8960;1.0;27.0;0;95;65;110;60;130;65;0;0;0;0;2;0
198;Murkrow;Dark;Flying;Insomnia,Super_Luck;Flying;50;30;MediumSlow;81;5120;0.5;2.1;0;60;85;42;85;42;91;0;0;0;0;0;1
199;Slowking;Water;Psychic;Oblivious,Own_Tempo;Monster,Water_1;50;70;Medium;172;5120;2.0;79.5;0;95;75;80;100;110;30;0;0;0;0;3;0
200;Misdreavus;Ghost;-;Levitate;Amorphous;50;45;Fast;87;6400;0.7;1.0;0;60;60;60;85;85;85;0;0;0;0;1;0
201;Unown;Psychic;-;Levitate;Undiscovered;-;225;Medium;118;10240;0.5;5.0;0;48;72;48;72;48;48;0;1;0;1;0;0
202;Wobbuffet;Psychic;-;Shadow_Tag;Amorphous;50;45;Medium;142;5120;1.3;28.5;0;190;33;58;33;58;33;2;0;0;0;0;0
203;Girafarig;Normal;Psychic;Inner_Focus,Early_Bird;Field;50;60;Medium;159;5120;1.5;41.5;0;70;80;65;90;65;85;0;0;0;2;0;0
204;Pineco;Bug;-;Sturdy;Bug;50;190;Medium;58;5120;0.6;7.2;0;50;65;90;35;35;15;0;0;1;0;0;0
205;Forretress;Bug;Steel;Sturdy;Bug;50;75;Medium;163;5120;1.2;125.8;0;75;90;140;60;60;40;0;0;2;0;0;0
206;Dunsparce;Normal;-;Serene_Grace,Run_Away;Field;50;190;Medium;145;5120;1.5;14.0;0;100;70;70;65;65;45;1;0;0;0;0;0
207;Gligar;Ground;Flying;Hyper_Cutter,Sand_Veil;Bug;50;60;MediumSlow;86;5120;1.1;64.8;0;65;75;105;35;65;85;0;0;1;0;0;0
208;Steelix;Steel;Ground;Rock_Head,Sturdy;Mineral;50;25;Medium;179;6400;9.2;400.0;0;75;125;230;55;95;30;0;0;2;0;0;0
209;Snubbull;Normal;-;Intimidate,Run_Away;Field,Fairy;25;190;Fast;60;5120;0.6;7.8;0;60;80;50;40;40;30;0;1;0;0;0;0
210;Granbull;Normal;-;Intimidate,Quick_Feet;Field,Fairy;25;75;Fast;158;5120;1.4;48.7;0;90;120;75;60;60;45;0;2;0;0;0;0
211;Qwilfish;Water;Poison;Poison_Point,Swift_Swim;Water_2;50;45;Medium;88;5120;0.5;3.9;0;65;95;85;55;55;85;0;1;0;0;0;0
212;Scizor;Bug;Steel;Swarm,Technician;Bug;50;25;Medium;175;6400;1.8;118.0;0;70;150;140;65;100;75;0;2;0;0;0;0
213;Shuckle;Bug;Rock;Sturdy,Gluttony;Bug;50;190;MediumSlow;177;5120;0.6;20.5;0;20;10;230;10;230;5;0;0;1;0;1;0
214;Heracross;Bug;Fighting;Swarm,Guts;Bug;50;45;Slow;175;6400;1.5;54.0;0;80;185;115;40;105;75;0;2;0;0;0;0
215;Sneasel;Dark;Ice;Inner_Focus,Keen_Eye;Field;50;60;MediumSlow;86;5120;0.9;28.0;0;55;95;55;35;75;115;0;0;0;0;0;1
216;Teddiursa;Normal;-;Pickup,Quick_Feet;Field;50;120;Medium;66;5120;0.6;8.8;0;60;80;50;50;50;40;0;1;0;0;0;0
217;Ursaring;Normal;-;Guts,Quick_Feet;Field;50;60;Medium;175;5120;1.8;125.8;0;90;130;75;75;75;55;0;2;0;0;0;0
218;Slugma;Fire;-;Magma_Armor,Flame_Body;Amorphous;50;190;Medium;50;5120;0.7;35.0;0;40;40;40;70;40;20;0;0;0;1;0;0
219;Magcargo;Fire;Rock;Magma_Armor,Flame_Body;Amorphous;50;75;Medium;151;5120;0.8;55.0;0;60;50;120;90;80;30;0;0;2;0;0;0
220;Swinub;Ice;Ground;Oblivious,Snow_Cloak;Field;50;225;Slow;50;5120;0.4;6.5;0;50;50;40;30;30;50;0;1;0;0;0;0
221;Piloswine;Ice;Ground;Oblivious,Snow_Cloak;Field;50;75;Slow;158;5120;1.1;55.8;0;100;100;80;60;60;50;1;1;0;0;0;0
222;Corsola;Water;Rock;Hustle,Natural_Cure;Water_1,Water_3;25;60;Fast;144;5120;0.6;5.0;0;65;55;95;65;95;35;0;0;1;0;1;0
223;Remoraid;Water;-;Hustle,Sniper;Water_1,Water_2;50;190;Medium;60;5120;0.6;12.0;0;35;65;35;65;35;65;0;0;0;1;0;0
224;Octillery;Water;-;Suction_Cups,Sniper;Water_1,Water_2;50;75;Medium;168;5120;0.9;28.5;0;75;105;75;105;75;45;0;1;0;1;0;0
225;Delibird;Ice;Flying;Vital_Spirit,Hustle;Water_1,Field;50;45;Fast;116;5120;0.9;16.0;0;45;55;45;65;45;75;0;0;0;0;0;1
226;Mantine;Water;Flying;Swift_Swim,Water_Absorb;Water_1;50;25;Slow;170;6400;2.1;220.0;0;85;40;70;80;140;70;0;0;0;0;2;0
227;Skarmory;Steel;Flying;Keen_Eye,Sturdy;Flying;50;25;Slow;163;6400;1.7;50.5;0;65;80;140;40;70;70;0;0;2;0;0;0
228;Houndour;Dark;Fire;Early_Bird,Flash_Fire;Field;50;120;Slow;66;5120;0.6;10.8;0;45;60;30;80;50;65;0;0;0;1;0;0
229;Houndoom;Dark;Fire;Early_Bird,Flash_Fire;Field;50;45;Slow;175;5120;1.4;35.0;0;75;90;90;140;90;115;0;0;0;2;0;0
230;Kingdra;Water;Dragon;Swift_Swim,Sniper;Water_1,Dragon;50;45;Medium;243;5120;1.8;152.0;0;75;95;95;95;95;85;0;1;0;1;1;0
231;Phanpy;Ground;-;Pickup;Field;50;120;Medium;66;5120;0.5;33.5;0;90;60;60;40;40;40;1;0;0;0;0;0
232;Donphan;Ground;-;Sturdy;Field;50;60;Medium;175;5120;1.1;120.0;0;90;120;120;60;60;50;0;1;1;0;0;0
233;Porygon2;Normal;-;Trace,Download;Mineral;-;45;Medium;180;5120;0.6;32.5;0;85;80;90;105;95;60;0;0;0;2;0;0
234;Stantler;Normal;-;Intimidate,Frisk;Field;50;45;Slow;163;5120;1.4;71.2;0;73;95;62;85;65;85;0;1;0;0;0;0
235;Smeargle;Normal;-;Own_Tempo,Technician;Field;50;45;Fast;88;5120;1.2;58.0;0;55;20;35;20;45;75;0;0;0;0;0;1
236;Tyrogue;Fighting;-;Guts,Steadfast;Undiscovered;100;75;Medium;42;6400;0.7;21.0;0;35;35;35;35;35;35;0;1;0;0;0;0
237;Hitmontop;Fighting;-;Intimidate,Technician;Human_Like;100;45;Medium;159;6400;1.4;48.0;0;50;95;95;35;110;70;0;0;0;0;2;0
238;Smoochum;Ice;Psychic;Oblivious,Forewarn;Undiscovered;0;45;Medium;61;6400;0.4;6.0;0;45;30;15;85;65;65;0;0;0;1;0;0
239;Elekid;Electric;-;Static;Undiscovered;75;45;Medium;72;6400;0.6;23.5;0;45;63;37;65;55;95;0;0;0;0;0;1
240;Magby;Fire;-;Flame_Body;Undiscovered;75;45;Medium;73;6400;0.7;21.4;0;45;75;37;70;55;83;0;0;0;0;0;1
241;Miltank;Normal;-;Thick_Fat,Scrappy;Field;0;45;Slow;172;5120;1.2;75.5;0;95;80;105;40;70;100;0;0;2;0;0;0
242;Blissey;Normal;-;Natural_Cure,Serene_Grace;Fairy;0;30;Fast;608;10240;1.5;46.8;0;255;10;10;75;135;55;3;0;0;0;0;0
243;Raikou;Electric;-;Pressure;Undiscovered;-;3;Slow;261;20480;1.9;178.0;1;90;85;75;115;100;115;0;0;0;1;0;2
244;Entei;Fire;-;Pressure;Undiscovered;-;3;Slow;261;20480;2.1;198.0;1;115;115;85;90;75;100;1;2;0;0;0;0
245;Suicune;Water;-;Pressure;Undiscovered;-;3;Slow;261;20480;2.0;187.0;1;100;75;115;90;115;85;0;0;1;0;2;0
246;Larvitar;Rock;Ground;Guts;Monster;50;45;Slow;60;10240;0.6;72.0;0;50;64;50;45;50;41;0;1;0;0;0;0
247;Pupitar;Rock;Ground;Shed_Skin;Monster;50;45;Slow;144;10240;1.2;152.0;0;70;84;70;65;70;51;0;2;0;0;0;0
248;Tyranitar;Rock;Dark;Sand_Stream;Monster;50;45;Slow;270;10240;2.0;202.0;0;100;164;150;95;120;71;0;3;0;0;0;0
249;Lugia;Psychic;Flying;Pressure;Undiscovered;-;3;Slow;306;30720;5.2;216.0;1;106;90;130;90;154;110;0;0;0;0;3;0
250;Ho-Oh;Fire;Flying;Pressure;Undiscovered;-;3;Slow;306;30720;3.8;199.0;1;106;130;90;110;154;90;0;0;0;0;3;0
251;Celebi;Psychic;Grass;Natural_Cure;Undiscovered;-;45;MediumSlow;270;30720;0.6;5.0;1;100;100;100;100;100;100;3;0;0;0;0;0
252;Treecko;Grass;-;Overgrow;Monster,Dragon;87.5;45;MediumSlow;62;5120;0.5;5.0;0;40;45;35;65;55;70;0;0;0;0;0;1
253;Grovyle;Grass;-;Overgrow;Monster,Dragon;87.5;45;MediumSlow;142;5120;0.9;21.6;0;50;65;45;85;65;95;0;0;0;0;0;2
254;Sceptile;Grass;-;Overgrow;Monster,Dragon;87.5;45;MediumSlow;239;5120;1.7;52.2;0;70;110;75;145;85;145;0;0;0;0;0;3
255;Torchic;Fire;-;Blaze;Field;87.5;45;MediumSlow;62;5120;0.4;2.5;0;45;60;40;70;50;45;0;0;0;1;0;0
256;Combusken;Fire;Fighting;Blaze;Field;87.5;45;MediumSlow;142;5120;0.9;19.5;0;60;85;60;85;60;55;0;1;0;1;0;0
257;Blaziken;Fire;Fighting;Blaze;Field;87.5;45;MediumSlow;239;5120;1.9;52.0;0;80;160;80;130;80;100;0;3;0;0;0;0
258;Mudkip;Water;-;Torrent;Monster,Water_1;87.5;45;MediumSlow;62;5120;0.4;7.6;0;50;70;50;50;50;40;0;1;0;0;0;0
259;Marshtomp;Water;Ground;Torrent;Monster,Water_1;87.5;45;MediumSlow;142;5120;0.7;28.0;0;70;85;70;60;70;50;0;2;0;0;0;0
260;Swampert;Water;Ground;Torrent;Monster,Water_1;87.5;45;MediumSlow;241;5120;1.5;81.9;0;100;150;110;95;110;70;0;3;0;0;0;0
261;Poochyena;Dark;-;Run_Away,Quick_Feet;Field;50;255;Medium;56;3840;0.5;13.6;0;35;55;35;30;30;35;0;1;0;0;0;0
262;Mightyena;Dark;-;Intimidate,Quick_Feet;Field;50;127;Medium;147;3840;1.0;37.0;0;70;90;70;60;60;70;0;2;0;0;0;0
263;Zigzagoon;Normal;-;Pickup,Gluttony;Field;50;255;Medium;56;3840;0.4;17.5;0;38;30;41;30;41;60;0;0;0;0;0;1
264;Linoone;Normal;-;Pickup,Gluttony;Field;50;90;Medium;147;3840;0.5;32.5;0;78;70;61;50;61;100;0;0;0;0;0;2
265;Wurmple;Bug;-;Shield_Dust;Bug;50;255;Medium;56;3840;0.3;3.6;0;45;45;35;20;30;20;1;0;0;0;0;0
266;Silcoon;Bug;-;Shed_Skin;Bug;50;120;Medium;72;3840;0.6;10.0;0;50;35;55;25;25;15;0;0;2;0;0;0
267;Beautifly;Bug;Flying;Swarm;Bug;50;45;Medium;178;3840;1.0;28.4;0;60;70;50;100;50;65;0;0;0;3;0;0
268;Cascoon;Bug;-;Shed_Skin;Bug;50;120;Medium;72;3840;0.7;11.5;0;50;35;55;25;25;15;0;0;2;0;0;0
269;Dustox;Bug;Poison;Shield_Dust;Bug;50;45;Medium;173;3840;1.2;31.6;0;60;50;70;50;90;65;0;0;0;0;3;0
270;Lotad;Water;Grass;Swift_Swim,Rain_Dish;Water_1,Grass;50;255;MediumSlow;44;3840;0.5;2.6;0;40;30;30;40;50;30;0;0;0;0;1;0
271;Lombre;Water;Grass;Swift_Swim,Rain_Dish;Water_1,Grass;50;120;MediumSlow;119;3840;1.2;32.5;0;60;50;50;60;70;50;0;0;0;0;2;0
272;Ludicolo;Water;Grass;Swift_Swim,Rain_Dish;Water_1,Grass;50;45;MediumSlow;216;3840;1.5;55.0;0;80;70;70;90;100;70;0;0;0;0;3;0
273;Seedot;Grass;-;Chlorophyll,Early_Bird;Field,Grass;50;255;MediumSlow;44;3840;0.5;4.0;0;40;40;50;30;30;30;0;0;1;0;0;0
274;Nuzleaf;Grass;Dark;Chlorophyll,Early_Bird;Field,Grass;50;120;MediumSlow;119;3840;1.0;28.0;0;70;70;40;60;40;60;0;2;0;0;0;0
275;Shiftry;Grass;Dark;Chlorophyll,Early_Bird;Field,Grass;50;45;MediumSlow;216;3840;1.3;59.6;0;90;100;60;90;60;80;0;3;0;0;0;0
276;Taillow;Normal;Flying;Guts;Flying;50;200;MediumSlow;54;3840;0.3;2.3;0;40;55;30;30;30;85;0;0;0;0;0;1
277;Swellow;Normal;Flying;Guts;Flying;50;45;MediumSlow;159;3840;0.7;19.8;0;60;85;60;75;50;125;0;0;0;0;0;2
278;Wingull;Water;Flying;Keen_Eye,Hydration;Water_1,Flying;50;190;Medium;54;5120;0.6;9.5;0;40;30;30;55;30;85;0;0;0;0;0;1
279;Pelipper;Water;Flying;Keen_Eye;Water_1,Flying;50;45;Medium;154;5120;1.2;28.0;0;60;50;100;95;70;65;0;0;2;0;0;0
280;Ralts;Psychic;-;Synchronize,Trace;Amorphous;50;235;Slow;40;5120;0.4;6.6;0;28;25;25;45;35;40;0;0;0;1;0;0
281;Kirlia;Psychic;-;Synchronize,Trace;Amorphous;50;120;Slow;97;5120;0.8;20.2;0;38;35;35;65;55;50;0;0;0;2;0;0
282;Gardevoir;Psychic;-;Synchronize,Trace;Amorphous;50;45;Slow;233;5120;1.6;48.4;0;68;85;65;165;135;100;0;0;0;3;0;0
283;Surskit;Bug;Water;Swift_Swim;Water_1,Bug;50;200;Medium;54;3840;0.5;1.7;0;40;30;32;50;52;65;0;0;0;0;0;1
284;Masquerain;Bug;Flying;Intimidate;Water_1,Bug;50;75;Medium;159;3840;0.8;3.6;0;70;60;62;100;82;80;0;0;0;1;1;0
285;Shroomish;Grass;-;Effect_Spore,Poison_Heal;Fairy,Grass;50;255;FastThenSlow;59;3840;0.4;4.5;0;60;40;60;40;60;35;1;0;0;0;0;0
286;Breloom;Grass;Fighting;Effect_Spore,Poison_Heal;Fairy,Grass;50;90;FastThenSlow;161;3840;1.2;39.2;0;60;130;80;60;60;70;0;2;0;0;0;0
287;Slakoth;Normal;-;Truant;Field;50;255;Slow;56;3840;0.8;24.0;0;60;60;60;35;35;30;1;0;0;0;0;0
288;Vigoroth;Normal;-;Vital_Spirit;Field;50;120;Slow;154;3840;1.4;46.5;0;80;80;80;55;55;90;0;0;0;0;0;2
289;Slaking;Normal;-;Truant;Field;50;45;Slow;252;3840;2.0;130.5;0;150;160;100;95;65;100;3;0;0;0;0;0
290;Nincada;Bug;Ground;Compound_Eyes;Bug;50;255;SlowThenFast;53;3840;0.5;5.5;0;31;45;90;30;30;40;0;0;1;0;0;0
291;Ninjask;Bug;Flying;Speed_Boost;Bug;50;120;SlowThenFast;160;3840;0.8;12.0;0;61;90;45;50;50;160;0;0;0;0;0;2
292;Shedinja;Bug;Ghost;Wonder_Guard;Mineral;-;45;SlowThenFast;83;3840;0.8;1.2;0;1;90;45;30;30;40;2;0;0;0;0;0
293;Whismur;Normal;-;Soundproof;Monster,Field;50;190;MediumSlow;48;5120;0.6;16.3;0;64;51;23;51;23;28;1;0;0;0;0;0
294;Loudred;Normal;-;Soundproof;Monster,Field;50;120;MediumSlow;126;5120;1.0;40.5;0;84;71;43;71;43;48;2;0;0;0;0;0
295;Exploud;Normal;-;Soundproof;Monster,Field;50;45;MediumSlow;221;5120;1.5;84.0;0;104;91;63;91;73;68;3;0;0;0;0;0
296;Makuhita;Fighting;-;Thick_Fat,Guts;Human_Like;75;180;FastThenSlow;47;5120;1.0;86.4;0;72;60;30;20;30;25;1;0;0;0;0;0
297;Hariyama;Fighting;-;Thick_Fat,Guts;Human_Like;75;200;FastThenSlow;166;5120;2.3;253.8;0;144;120;60;40;60;50;2;0;0;0;0;0
298;Azurill;Normal;-;Thick_Fat,Huge_Power;Undiscovered;25;150;Fast;38;2560;0.2;2.0;0;50;20;40;20;40;20;1;0;0;0;0;0
299;Nosepass;Rock;-;Sturdy,Magnet_Pull;Mineral;50;255;Medium;75;5120;1.0;97.0;0;30;45;135;45;90;30;0;0;1;0;0;0
300;Skitty;Normal;-;Cute_Charm,Normalize;Field,Fairy;25;255;Fast;52;3840;0.6;11.0;0;50;45;45;35;35;50;0;0;0;0;0;1
301;Delcatty;Normal;-;Cute_Charm,Normalize;Field,Fairy;25;60;Fast;140;3840;1.1;32.6;0;70;65;65;55;55;90;1;0;0;0;0;1
302;Sableye;Dark;Ghost;Keen_Eye,Stall;Human_Like;50;45;MediumSlow;133;6400;0.5;11.0;0;50;85;125;85;115;20;0;1;1;0;0;0
303;Mawile;Steel;-;Hyper_Cutter,Intimidate;Field,Fairy;50;45;Fast;133;5120;0.6;11.5;0;50;105;125;55;95;50;0;1;1;0;0;0
304;Aron;Steel;Rock;Sturdy,Rock_Head;Monster;50;180;Slow;66;8960;0.4;60.0;0;50;70;100;40;40;30;0;0;1;0;0;0
305;Lairon;Steel;Rock;Sturdy,Rock_Head;Monster;50;90;Slow;151;8960;0.9;120.0;0;60;90;140;50;50;40;0;0;2;0;0;0
306;Aggron;Steel;Rock;Sturdy,Rock_Head;Monster;50;45;Slow;239;8960;2.1;360.0;0;70;140;230;60;80;50;0;0;3;0;0;0
307;Meditite;Fighting;Psychic;Pure_Power;Human_Like;50;180;Medium;56;5120;0.6;11.2;0;30;40;55;40;55;60;0;0;0;0;0;1
308;Medicham;Fighting;Psychic;Pure_Power;Human_Like;50;90;Medium;144;5120;1.3;31.5;0;60;100;85;80;85;100;0;0;0;0;0;2
309;Electrike;Electric;-;Static,Lightning_Rod;Field;50;120;Slow;59;5120;0.6;15.2;0;40;45;40;65;40;65;0;0;0;0;0;1
310;Manectric;Electric;-;Static,Lightning_Rod;Field;50;45;Slow;166;5120;1.5;40.2;0;70;75;80;135;80;135;0;0;0;0;0;2
311;Plusle;Electric;-;Plus;Fairy;50;200;Medium;142;5120;0.4;4.2;0;60;50;40;85;75;95;0;0;0;0;0;1
312;Minun;Electric;-;Minus;Fairy;50;200;Medium;142;5120;0.4;4.2;0;60;40;50;75;85;95;0;0;0;0;0;1
313;Volbeat;Bug;-;Illuminate,Swarm;"Bug;Human-Li";100;150;SlowThenFast;151;3840;0.7;17.7;0;65;73;75;47;85;85;0;0;0;0;0;1
314;Illumise;Bug;-;Oblivious,Tinted_Lens;"Bug;Human-Li";0;150;FastThenSlow;151;3840;0.6;17.7;0;65;47;75;73;85;85;0;0;0;0;0;1
315;Roselia;Grass;Poison;Natural_Cure,Poison_Point;Fairy,Grass;50;150;MediumSlow;140;5120;0.3;2.0;0;50;60;45;100;80;65;0;0;0;2;0;0
316;Gulpin;Poison;-;Liquid_Ooze,Sticky_Hold;Amorphous;50;225;FastThenSlow;60;5120;0.4;10.3;0;70;43;53;43;53;40;1;0;0;0;0;0
317;Swalot;Poison;-;Liquid_Ooze,Sticky_Hold;Amorphous;50;75;FastThenSlow;163;5120;1.7;80.0;0;100;73;83;73;83;55;2;0;0;0;0;0
318;Carvanha;Water;Dark;Rough_Skin;Water_2;50;225;Slow;61;5120;0.8;20.8;0;45;90;20;65;20;65;0;1;0;0;0;0
319;Sharpedo;Water;Dark;Rough_Skin;Water_2;50;60;Slow;161;5120;1.8;88.8;0;70;140;70;110;65;105;0;2;0;0;0;0
320;Wailmer;Water;-;Water_Veil,Oblivious;Field,Water_2;50;125;FastThenSlow;80;10240;2.0;130.0;0;130;70;35;70;35;60;1;0;0;0;0;0
321;Wailord;Water;-;Water_Veil,Oblivious;Field,Water_2;50;60;FastThenSlow;175;10240;14.5;398.0;0;170;90;45;90;45;60;2;0;0;0;0;0
322;Numel;Fire;Ground;Oblivious,Simple;Field;50;255;Medium;61;5120;0.7;24.0;0;60;60;40;65;45;35;0;0;0;1;0;0
323;Camerupt;Fire;Ground;Magma_Armor,Solid_Rock;Field;50;150;Medium;161;5120;1.9;220.0;0;70;120;100;145;105;20;0;1;0;1;0;0
324;Torkoal;Fire;-;White_Smoke;Field;50;90;Medium;165;5120;0.5;80.4;0;70;85;140;85;70;20;0;0;2;0;0;0
325;Spoink;Psychic;-;Thick_Fat,Own_Tempo;Field;50;255;Fast;66;5120;0.7;30.6;0;60;25;35;70;80;60;0;0;0;0;1;0
326;Grumpig;Psychic;-;Thick_Fat,Own_Tempo;Field;50;60;Fast;165;5120;0.9;71.5;0;80;45;65;90;110;80;0;0;0;0;2;0
327;Spinda;Normal;-;Own_Tempo,Tangled_Feet;"Field;Human-Li";50;255;Fast;126;3840;1.1;5.0;0;60;60;60;60;60;60;0;0;0;1;0;0
328;Trapinch;Ground;-;Hyper_Cutter,Arena_Trap;Bug;50;255;MediumSlow;58;5120;0.7;15.0;0;45;100;45;45;45;10;0;1;0;0;0;0
329;Vibrava;Ground;Dragon;Levitate;Bug;50;120;MediumSlow;119;5120;1.1;15.3;0;50;70;50;50;50;70;0;1;0;0;0;1
330;Flygon;Ground;Dragon;Levitate;Bug;50;45;MediumSlow;234;5120;2.0;82.0;0;80;100;80;80;80;100;0;1;0;0;0;2
331;Cacnea;Grass;-;Sand_Veil;"Grass;Human-Li";50;190;MediumSlow;67;5120;0.4;51.3;0;50;85;40;85;40;35;0;0;0;1;0;0
332;Cacturne;Grass;Dark;Sand_Veil;"Grass;Human-Li";50;60;MediumSlow;166;5120;1.3;77.4;0;70;115;60;115;60;55;0;1;0;1;0;0
333;Swablu;Normal;Flying;Natural_Cure;Flying,Dragon;50;255;SlowThenFast;62;5120;0.4;1.2;0;45;40;60;40;75;50;0;0;0;0;1;0
334;Altaria;Dragon;Flying;Natural_Cure;Flying,Dragon;50;45;SlowThenFast;172;5120;1.1;20.6;0;75;110;110;110;105;80;0;0;0;0;2;0
335;Zangoose;Normal;-;Immunity;Field;50;90;SlowThenFast;160;5120;1.3;40.3;0;73;115;60;60;60;90;0;2;0;0;0;0
336;Seviper;Poison;-;Shed_Skin;Field,Dragon;50;90;FastThenSlow;160;5120;2.7;52.5;0;73;100;60;100;60;65;0;1;0;1;0;0
337;Lunatone;Rock;Psychic;Levitate;Mineral;-;45;Fast;161;6400;1.0;168.0;0;90;55;65;95;85;70;0;0;0;2;0;0
338;Solrock;Rock;Psychic;Levitate;Mineral;-;45;Fast;161;6400;1.2;154.0;0;90;95;85;55;65;70;0;2;0;0;0;0
339;Barboach;Water;Ground;Oblivious,Anticipation;Water_2;50;190;Medium;58;5120;0.4;1.9;0;50;48;43;46;41;60;1;0;0;0;0;0
340;Whiscash;Water;Ground;Oblivious,Anticipation;Water_2;50;75;Medium;164;5120;0.9;23.6;0;110;78;73;76;71;60;2;0;0;0;0;0
341;Corphish;Water;-;Hyper_Cutter,Shell_Armor;Water_1,Water_3;50;205;FastThenSlow;62;3840;0.6;11.5;0;43;80;65;50;35;35;0;1;0;0;0;0
342;Crawdaunt;Water;Dark;Hyper_Cutter,Shell_Armor;Water_1,Water_3;50;155;FastThenSlow;164;3840;1.1;32.8;0;63;120;85;90;55;55;0;2;0;0;0;0
343;Baltoy;Ground;Psychic;Levitate;Mineral;-;255;Medium;60;5120;0.5;21.5;0;40;40;55;40;70;55;0;0;0;0;1;0
344;Claydol;Ground;Psychic;Levitate;Mineral;-;90;Medium;175;5120;1.5;108.0;0;60;70;105;70;120;75;0;0;0;0;2;0
345;Lileep;Rock;Grass;Suction_Cups;Water_3;87.5;45;SlowThenFast;71;7680;1.0;23.8;0;66;41;77;61;87;23;0;0;0;0;1;0
346;Cradily;Rock;Grass;Suction_Cups;Water_3;87.5;45;SlowThenFast;173;7680;1.5;60.4;0;86;81;97;81;107;43;0;0;0;0;2;0
347;Anorith;Rock;Bug;Battle_Armor;Water_3;87.5;45;SlowThenFast;71;7680;0.7;12.5;0;45;95;50;40;50;75;0;1;0;0;0;0
348;Armaldo;Rock;Bug;Battle_Armor;Water_3;87.5;45;SlowThenFast;173;7680;1.5;68.2;0;75;125;100;70;80;45;0;2;0;0;0;0
349;Feebas;Water;-;Swift_Swim,Oblivious;Water_1,Dragon;50;255;SlowThenFast;40;5120;0.6;7.4;0;20;15;20;10;55;80;0;0;0;0;0;1
350;Milotic;Water;-;Marvel_Scale;Water_1,Dragon;50;60;SlowThenFast;189;5120;6.2;162.0;0;95;60;79;100;125;81;0;0;0;0;2;0
351;Castform;Normal;-;Forecast;Fairy,Amorphous;50;45;Medium;147;6400;0.3;0.8;0;70;70;70;70;70;70;1;0;0;0;0;0
352;Kecleon;Normal;-;Color_Change;Field;50;200;MediumSlow;154;5120;1.0;22.0;0;60;90;70;60;120;40;0;0;0;0;1;0
353;Shuppet;Ghost;-;Insomnia,Frisk;Amorphous;50;225;Fast;59;6400;0.6;2.3;0;44;75;35;63;33;45;0;1;0;0;0;0
354;Banette;Ghost;-;Insomnia,Frisk;Amorphous;50;45;Fast;159;6400;1.1;12.5;0;64;165;75;93;83;75;0;2;0;0;0;0
355;Duskull;Ghost;-;Levitate;Amorphous;50;190;Fast;59;6400;0.8;15.0;0;20;40;90;30;90;25;0;0;0;0;1;0
356;Dusclops;Ghost;-;Pressure;Amorphous;50;90;Fast;159;6400;1.6;30.6;0;40;70;130;60;130;25;0;0;1;0;1;0
357;Tropius;Grass;Flying;Chlorophyll,Solar_Power;Monster,Grass;50;200;Slow;161;6400;2.0;100.0;0;99;68;83;72;87;51;2;0;0;0;0;0
358;Chimecho;Psychic;-;Levitate;Amorphous;50;45;Fast;159;6400;0.6;1.0;0;75;50;80;95;90;65;0;0;0;1;1;0
359;Absol;Dark;-;Pressure,Super_Luck;Field;50;30;MediumSlow;163;6400;1.2;47.0;0;65;150;60;115;60;115;0;2;0;0;0;0
360;Wynaut;Psychic;-;Shadow_Tag;Undiscovered;50;125;Medium;52;5120;0.6;14.0;0;95;23;48;23;48;23;1;0;0;0;0;0
361;Snorunt;Ice;-;Inner_Focus,Ice_Body;Fairy,Mineral;50;190;Medium;60;5120;0.7;16.8;0;50;50;50;50;50;50;1;0;0;0;0;0
362;Glalie;Ice;-;Inner_Focus,Ice_Body;Fairy,Mineral;50;75;Medium;168;5120;1.5;256.5;0;80;120;80;120;80;100;2;0;0;0;0;0
363;Spheal;Ice;Water;Thick_Fat,Ice_Body;Water_1,Field;50;255;MediumSlow;58;5120;0.8;39.5;0;70;40;50;55;50;25;1;0;0;0;0;0
364;Sealeo;Ice;Water;Thick_Fat,Ice_Body;Water_1,Field;50;120;MediumSlow;144;5120;1.1;87.6;0;90;60;70;75;70;45;2;0;0;0;0;0
365;Walrein;Ice;Water;Thick_Fat,Ice_Body;Water_1,Field;50;45;MediumSlow;239;5120;1.4;150.6;0;110;80;90;95;90;65;3;0;0;0;0;0
366;Clamperl;Water;-;Shell_Armor;Water_1;50;255;SlowThenFast;69;5120;0.4;52.5;0;35;64;85;74;55;32;0;0;1;0;0;0
367;Huntail;Water;-;Swift_Swim;Water_1;50;60;SlowThenFast;170;5120;1.7;27.0;0;55;104;105;94;75;52;0;1;1;0;0;0
368;Gorebyss;Water;-;Swift_Swim;Water_1;50;60;SlowThenFast;170;5120;1.8;22.6;0;55;84;105;114;75;52;0;0;0;2;0;0
369;Relicanth;Water;Rock;Swift_Swim,Rock_Head;Water_1,Water_2;87.5;25;Slow;170;10240;1.0;23.4;0;100;90;130;45;65;55;1;0;1;0;0;0
370;Luvdisc;Water;-;Swift_Swim;Water_2;25;225;Fast;116;5120;0.6;8.7;0;43;30;55;40;65;97;0;0;0;0;0;1
371;Bagon;Dragon;-;Rock_Head;Dragon;50;45;Slow;60;10240;0.6;42.1;0;45;75;60;40;30;50;0;1;0;0;0;0
372;Shelgon;Dragon;-;Rock_Head;Dragon;50;45;Slow;147;10240;1.1;110.5;0;65;95;100;60;50;50;0;0;2;0;0;0
373;Salamence;Dragon;Flying;Intimidate;Dragon;50;45;Slow;270;10240;1.5;102.6;0;95;145;130;120;90;120;0;3;0;0;0;0
374;Beldum;Steel;Psychic;Clear_Body;Mineral;-;3;Slow;60;10240;0.6;95.2;0;40;55;80;35;60;30;0;0;1;0;0;0
375;Metang;Steel;Psychic;Clear_Body;Mineral;-;3;Slow;147;10240;1.2;202.5;0;60;75;100;55;80;50;0;0;2;0;0;0
376;Metagross;Steel;Psychic;Clear_Body;Mineral;-;3;Slow;270;10240;1.6;550.0;0;80;145;150;105;110;110;0;0;3;0;0;0
377;Regirock;Rock;-;Clear_Body;Undiscovered;-;3;Slow;261;20480;1.7;230.0;1;80;100;200;50;100;50;0;0;3;0;0;0
378;Regice;Ice;-;Clear_Body;Undiscovered;-;3;Slow;261;20480;1.8;175.0;1;80;50;100;100;200;50;0;0;0;0;3;0
379;Registeel;Steel;-;Clear_Body;Undiscovered;-;3;Slow;261;20480;1.9;205.0;1;80;75;150;75;150;50;0;0;2;0;1;0
380;Latias;Dragon;Psychic;Levitate;Undiscovered;0;3;Slow;270;30720;1.4;40.0;1;80;100;120;140;150;110;0;0;0;0;3;0
381;Latios;Dragon;Psychic;Levitate;Undiscovered;100;3;Slow;270;30720;2.0;60.0;1;80;130;100;160;120;110;0;0;0;3;0;0
382;Kyogre;Water;-;Drizzle;Undiscovered;-;3;Slow;302;30720;4.5;352.0;1;100;150;90;180;160;90;0;0;0;3;0;0
383;Groudon;Ground;-;Drought;Undiscovered;-;3;Slow;302;30720;3.5;950.0;1;100;180;160;150;90;90;0;3;0;0;0;0
384;Rayquaza;Dragon;Flying;Air_Lock;Undiscovered;-;45;Slow;306;30720;7.0;206.5;1;105;180;100;180;100;115;0;2;0;1;0;0
385;Jirachi;Steel;Psychic;Serene_Grace;Undiscovered;-;3;Slow;270;30720;0.3;1.1;1;100;100;100;100;100;100;3;0;0;0;0;0
386;Deoxys;Psychic;-;Pressure;Undiscovered;-;3;Slow;270;30720;1.7;60.8;1;50;95;90;95;90;180;0;1;0;1;0;1
387;Turtwig;Grass;-;Overgrow;Monster,Grass;87.5;45;MediumSlow;64;5120;0.4;10.2;0;55;68;64;45;55;31;0;1;0;0;0;0
388;Grotle;Grass;-;Overgrow;Monster,Grass;87.5;45;MediumSlow;142;5120;1.1;97.0;0;75;89;85;55;65;36;0;1;1;0;0;0
389;Torterra;Grass;Ground;Overgrow;Monster,Grass;87.5;45;MediumSlow;236;5120;2.2;310.0;0;95;109;105;75;85;56;0;2;1;0;0;0
390;Chimchar;Fire;-;Blaze;"Field;Human-Li";87.5;45;MediumSlow;62;5120;0.5;6.2;0;44;58;44;58;44;61;0;0;0;0;0;1
391;Monferno;Fire;Fighting;Blaze;"Field;Human-Li";87.5;45;MediumSlow;142;5120;0.9;22.0;0;64;78;52;78;52;81;0;0;0;1;0;1
392;Infernape;Fire;Fighting;Blaze;"Field;Human-Li";87.5;45;MediumSlow;240;5120;1.2;55.0;0;76;104;71;104;71;108;0;1;0;1;0;1
393;Piplup;Water;-;Torrent;Water_1,Field;87.5;45;MediumSlow;63;5120;0.4;5.2;0;53;51;53;61;56;40;0;0;0;1;0;0
394;Prinplup;Water;-;Torrent;Water_1,Field;87.5;45;MediumSlow;142;5120;0.8;23.0;0;64;66;68;81;76;50;0;0;0;2;0;0
395;Empoleon;Water;Steel;Torrent;Water_1,Field;87.5;45;MediumSlow;239;5120;1.7;84.5;0;84;86;88;111;101;60;0;0;0;3;0;0
396;Starly;Normal;Flying;Keen_Eye;Flying;50;255;MediumSlow;49;3840;0.3;2.0;0;40;55;30;30;30;60;0;0;0;0;0;1
397;Staravia;Normal;Flying;Intimidate;Flying;50;120;MediumSlow;119;3840;0.6;15.5;0;55;75;50;40;40;80;0;0;0;0;0;2
398;Staraptor;Normal;Flying;Intimidate;Flying;50;45;MediumSlow;218;3840;1.2;24.9;0;85;120;70;50;60;100;0;3;0;0;0;0
399;Bidoof;Normal;-;Simple,Unaware;Water_1,Field;50;255;Medium;50;3840;0.5;20.0;0;59;45;40;35;40;31;1;0;0;0;0;0
400;Bibarel;Normal;Water;Simple,Unaware;Water_1,Field;50;127;Medium;144;3840;1.0;31.5;0;79;85;60;55;60;71;0;2;0;0;0;0
401;Kricketot;Bug;-;Shed_Skin;Bug;50;255;MediumSlow;39;3840;0.3;2.2;0;37;25;41;25;41;25;0;0;1;0;0;0
402;Kricketune;Bug;-;Swarm;Bug;50;45;MediumSlow;134;3840;1.0;25.5;0;77;85;51;55;51;65;0;2;0;0;0;0
403;Shinx;Electric;-;Rivalry,Intimidate;Field;50;235;MediumSlow;53;5120;0.5;9.5;0;45;65;34;40;34;45;0;1;0;0;0;0
404;Luxio;Electric;-;Rivalry,Intimidate;Field;50;120;MediumSlow;127;5120;0.9;30.5;0;60;85;49;60;49;60;0;2;0;0;0;0
405;Luxray;Electric;-;Rivalry,Intimidate;Field;50;45;MediumSlow;235;5120;1.4;42.0;0;80;120;79;95;79;70;0;3;0;0;0;0
406;Budew;Grass;Poison;Natural_Cure,Poison_Point;Undiscovered;50;255;MediumSlow;56;5120;0.2;1.2;0;40;30;35;50;70;55;0;0;0;1;0;0
407;Roserade;Grass;Poison;Natural_Cure,Poison_Point;Fairy,Grass;50;75;MediumSlow;232;5120;0.9;14.5;0;60;70;65;125;105;90;0;0;0;3;0;0
408;Cranidos;Rock;-;Mold_Breaker;Monster;87.5;45;SlowThenFast;70;7680;0.9;31.5;0;67;125;40;30;30;58;0;1;0;0;0;0
409;Rampardos;Rock;-;Mold_Breaker;Monster;87.5;45;SlowThenFast;173;7680;1.6;102.5;0;97;165;60;65;50;58;0;2;0;0;0;0
410;Shieldon;Rock;Steel;Sturdy;Monster;87.5;45;SlowThenFast;70;7680;0.5;57.0;0;30;42;118;42;88;30;0;0;1;0;0;0
411;Bastiodon;Rock;Steel;Sturdy;Monster;87.5;45;SlowThenFast;173;7680;1.3;149.5;0;60;52;168;47;138;30;0;0;2;0;0;0
412;Burmy;Bug;-;Shed_Skin;Bug;50;120;Medium;45;3840;0.2;3.4;0;40;29;45;29;45;36;0;0;0;0;1;0
413;Wormadam;Bug;Grass;Anticipation;Bug;0;45;Medium;148;3840;0.5;6.5;0;60;69;95;69;95;36;0;0;0;0;2;0
414;Mothim;Bug;Flying;Swarm;Bug;100;45;Medium;148;3840;0.9;23.3;0;70;94;50;94;50;66;0;1;0;1;0;0
415;Combee;Bug;Flying;Honey_Gather;Bug;87.5;120;MediumSlow;49;3840;0.3;5.5;0;30;30;42;30;42;70;0;0;0;0;0;1
416;Vespiquen;Bug;Flying;Pressure;Bug;0;45;MediumSlow;166;3840;1.2;38.5;0;70;80;102;80;102;40;0;0;1;0;1;0
417;Pachirisu;Electric;-;Run_Away,Pickup;Field,Fairy;50;200;Medium;142;2560;0.4;3.9;0;60;45;70;45;90;95;0;0;0;0;0;1
418;Buizel;Water;-;Swift_Swim;Water_1,Field;50;190;Medium;66;5120;0.7;29.5;0;55;65;35;60;30;85;0;0;0;0;0;1
419;Floatzel;Water;-;Swift_Swim;Water_1,Field;50;75;Medium;173;5120;1.1;33.5;0;85;105;55;85;50;115;0;0;0;0;0;2
420;Cherubi;Grass;-;Chlorophyll;Fairy,Grass;50;190;Medium;55;5120;0.4;3.3;0;45;35;45;62;53;35;0;0;0;1;0;0
421;Cherrim;Grass;-;Flower_Gift;Fairy,Grass;50;75;Medium;158;5120;0.5;9.3;0;70;60;70;87;78;85;0;0;0;2;0;0
422;Shellos;Water;-;Sticky_Hold,Storm_Drain;Water_1,Amorphous;50;190;Medium;65;5120;0.3;6.3;0;76;48;48;57;62;34;1;0;0;0;0;0
423;Gastrodon;Water;Ground;Sticky_Hold,Storm_Drain;Water_1,Amorphous;50;75;Medium;166;5120;0.9;29.9;0;111;83;68;92;82;39;2;0;0;0;0;0
424;Ambipom;Normal;-;Technician,Pickup;Field;50;45;Fast;169;5120;1.2;20.3;0;75;100;66;60;66;115;0;0;0;0;0;2
425;Drifloon;Ghost;Flying;Aftermath,Unburden;Amorphous;50;125;FastThenSlow;70;7680;0.4;1.2;0;90;50;34;60;44;70;1;0;0;0;0;0
426;Drifblim;Ghost;Flying;Aftermath,Unburden;Amorphous;50;60;FastThenSlow;174;7680;1.2;15.0;0;150;80;44;90;54;80;2;0;0;0;0;0
427;Buneary;Normal;-;Run_Away,Klutz;"Field;Human-Li";50;190;Medium;70;5120;0.4;5.5;0;55;66;44;44;56;85;0;0;0;0;0;1
428;Lopunny;Normal;-;Cute_Charm,Klutz;"Field;Human-Li";50;60;Medium;168;5120;1.2;33.3;0;65;136;94;54;96;135;0;0;0;0;0;2
429;Mismagius;Ghost;-;Levitate;Amorphous;50;45;Fast;173;6400;0.9;4.4;0;60;60;60;105;105;105;0;0;0;1;1;0
430;Honchkrow;Dark;Flying;Insomnia,Super_Luck;Flying;50;30;MediumSlow;177;5120;0.9;27.3;0;100;125;52;105;52;71;0;2;0;0;0;0
431;Glameow;Normal;-;Limber,Own_Tempo;Field;25;190;Fast;62;5120;0.5;3.9;0;49;55;42;42;37;85;0;0;0;0;0;1
432;Purugly;Normal;-;Thick_Fat,Own_Tempo;Field;25;75;Fast;158;5120;1.0;43.8;0;71;82;64;64;59;112;0;0;0;0;0;2
433;Chingling;Psychic;-;Levitate;Undiscovered;50;120;Fast;57;6400;0.2;0.6;0;45;30;50;65;50;45;0;0;0;1;0;0
434;Stunky;Poison;Dark;Stench,Aftermath;Field;50;225;Medium;66;5120;0.4;19.2;0;63;63;47;41;41;74;0;0;0;0;0;1
435;Skuntank;Poison;Dark;Stench,Aftermath;Field;50;60;Medium;168;5120;1.0;38.0;0;103;93;67;71;61;84;2;0;0;0;0;0
436;Bronzor;Steel;Psychic;Levitate,Heatproof;Mineral;-;255;Medium;60;5120;0.5;60.5;0;57;24;86;24;86;23;0;0;1;0;0;0
437;Bronzong;Steel;Psychic;Levitate,Heatproof;Mineral;-;90;Medium;175;5120;1.3;187.0;0;67;89;116;79;116;33;0;0;1;0;1;0
438;Bonsly;Rock;-;Sturdy,Rock_Head;Undiscovered;50;255;Medium;58;5120;0.5;15.0;0;50;80;95;10;45;10;0;0;1;0;0;0
439;Mime Jr.;Psychic;-;Soundproof,Filter;Undiscovered;50;145;Medium;62;6400;0.6;13.0;0;20;25;45;70;90;60;0;0;0;0;1;0
440;Happiny;Normal;-;Natural_Cure,Serene_Grace;Undiscovered;0;130;Fast;110;10240;0.6;24.4;0;100;5;5;15;65;30;1;0;0;0;0;0
441;Chatot;Normal;Flying;Keen_Eye,Tangled_Feet;Flying;50;30;MediumSlow;144;5120;0.5;1.9;0;76;65;45;92;42;91;0;1;0;0;0;0
442;Spiritomb;Ghost;Dark;Pressure;Amorphous;50;100;Medium;170;7680;1.0;108.0;0;50;92;108;92;108;35;0;0;1;0;1;0
443;Gible;Dragon;Ground;Sand_Veil;Monster,Dragon;50;45;Slow;60;10240;0.7;20.5;0;58;70;45;40;45;42;0;1;0;0;0;0
444;Gabite;Dragon;Ground;Sand_Veil;Monster,Dragon;50;45;Slow;144;10240;1.4;56.0;0;68;90;65;50;55;82;0;2;0;0;0;0
445;Garchomp;Dragon;Ground;Sand_Veil;Monster,Dragon;50;45;Slow;270;10240;1.9;95.0;0;108;170;115;120;95;92;0;3;0;0;0;0
446;Munchlax;Normal;-;Pickup,Thick_Fat;Undiscovered;87.5;50;Slow;78;10240;0.6;105.0;0;135;85;40;40;85;5;1;0;0;0;0;0
447;Riolu;Fighting;-;Steadfast,Inner_Focus;Undiscovered;87.5;75;MediumSlow;57;6400;0.7;20.2;0;40;70;40;35;40;60;0;1;0;0;0;0
448;Lucario;Fighting;Steel;Steadfast,Inner_Focus;"Field;Human-Li";87.5;45;MediumSlow;184;6400;1.2;54.0;0;70;145;88;140;70;112;0;1;0;1;0;0
449;Hippopotas;Ground;-;Sand_Stream;Field;50;140;Slow;66;7680;0.8;49.5;0;68;72;78;38;42;32;0;0;1;0;0;0
450;Hippowdon;Ground;-;Sand_Stream;Field;50;60;Slow;184;7680;2.0;300.0;0;108;112;118;68;72;47;0;0;2;0;0;0
451;Skorupi;Poison;Bug;Battle_Armor,Sniper;Bug,Water_3;50;120;Slow;66;5120;0.8;12.0;0;40;50;90;30;55;65;0;0;1;0;0;0
452;Drapion;Poison;Dark;Battle_Armor,Sniper;Bug,Water_3;50;45;Slow;175;5120;1.3;61.5;0;70;90;110;60;75;95;0;0;2;0;0;0
453;Croagunk;Poison;Fighting;Anticipation,Dry_Skin;Human_Like;50;140;Medium;60;2560;0.7;23.0;0;48;61;40;61;40;50;0;1;0;0;0;0
454;Toxicroak;Poison;Fighting;Anticipation,Dry_Skin;Human_Like;50;75;Medium;172;5120;1.3;44.4;0;83;106;65;86;65;85;0;2;0;0;0;0
455;Carnivine;Grass;-;Levitate;Grass;50;200;Slow;159;6400;1.4;27.0;0;74;100;72;90;72;46;0;2;0;0;0;0
456;Finneon;Water;-;Swift_Swim,Storm_Drain;Water_2;50;190;SlowThenFast;66;5120;0.4;7.0;0;49;49;56;49;61;66;0;0;0;0;0;1
457;Lumineon;Water;-;Swift_Swim,Storm_Drain;Water_2;50;75;SlowThenFast;161;5120;1.2;24.0;0;69;69;76;69;86;91;0;0;0;0;0;2
458;Mantyke;Water;Flying;Swift_Swim,Water_Absorb;Undiscovered;50;25;Slow;69;6400;1.0;65.0;0;45;20;50;60;120;50;0;0;0;0;1;0
459;Snover;Grass;Ice;Snow_Warning;Monster,Grass;50;120;Slow;67;5120;1.0;50.5;0;60;62;50;62;60;40;0;1;0;0;0;0
460;Abomasnow;Grass;Ice;Snow_Warning;Monster,Grass;50;60;Slow;173;5120;2.2;135.5;0;90;132;105;132;105;30;0;1;0;1;0;0
461;Weavile;Dark;Ice;Pressure;Field;50;45;MediumSlow;179;5120;1.1;34.0;0;70;120;65;45;85;125;0;1;0;0;0;1
462;Magnezone;Electric;Steel;Magnet_Pull,Sturdy;Mineral;-;30;Medium;241;5120;1.2;180.0;0;70;70;115;130;90;60;0;0;0;3;0;0
463;Lickilicky;Normal;-;Own_Tempo,Oblivious;Monster;50;30;Medium;180;5120;1.7;140.0;0;110;85;95;80;95;50;3;0;0;0;0;0
464;Rhyperior;Ground;Rock;Lightning_Rod,Solid_Rock;Monster,Field;50;30;Slow;241;5120;2.4;282.8;0;115;140;130;55;55;40;0;3;0;0;0;0
465;Tangrowth;Grass;-;Chlorophyll,Leaf_Guard;Grass;50;30;Medium;187;5120;2.0;128.6;0;100;100;125;110;50;50;0;0;2;0;0;0
466;Electivire;Electric;-;Motor_Drive;Human_Like;75;30;Medium;243;6400;1.8;138.6;0;75;123;67;95;85;95;0;3;0;0;0;0
467;Magmortar;Fire;-;Flame_Body;Human_Like;75;30;Medium;243;6400;1.6;68.0;0;75;95;67;125;95;83;0;0;0;3;0;0
468;Togekiss;Normal;Flying;Hustle,Serene_Grace;Flying,Fairy;87.5;30;Fast;245;2560;1.5;38.0;0;85;50;95;120;115;80;0;0;0;2;1;0
469;Yanmega;Bug;Flying;Speed_Boost,Tinted_Lens;Bug;50;30;Medium;180;5120;1.9;51.5;0;86;76;86;116;56;95;0;2;0;0;0;0
470;Leafeon;Grass;-;Leaf_Guard;Field;87.5;45;Medium;184;8960;1.0;25.5;0;65;110;130;60;65;95;0;0;2;0;0;0
471;Glaceon;Ice;-;Snow_Cloak;Field;87.5;45;Medium;184;8960;0.8;25.9;0;65;60;110;130;95;65;0;0;0;2;0;0
472;Gliscor;Ground;Flying;Hyper_Cutter,Sand_Veil;Bug;50;30;MediumSlow;179;5120;2.0;42.5;0;75;95;125;45;75;95;0;0;2;0;0;0
473;Mamoswine;Ice;Ground;Oblivious,Snow_Cloak;Field;50;50;Slow;239;5120;2.5;291.0;0;110;130;80;70;60;80;0;3;0;0;0;0
474;Porygon-Z;Normal;-;Adaptability,Download;Mineral;-;30;Medium;241;5120;0.9;34.0;0;85;80;70;135;75;90;0;0;0;3;0;0
475;Gallade;Psychic;Fighting;Steadfast;Amorphous;100;45;Slow;233;5120;1.6;52.0;0;68;165;95;65;115;110;0;3;0;0;0;0
476;Probopass;Rock;Steel;Sturdy,Magnet_Pull;Mineral;50;60;Medium;184;5120;1.4;340.0;0;60;55;145;75;150;40;0;0;1;0;2;0
477;Dusknoir;Ghost;-;Pressure;Amorphous;50;45;Fast;236;6400;2.2;106.6;0;45;100;135;65;135;45;0;0;1;0;2;0
478;Froslass;Ice;Ghost;Snow_Cloak;Fairy,Mineral;0;75;Medium;168;5120;1.3;26.6;0;70;80;70;80;70;110;0;0;0;0;0;2
479;Rotom;Electric;Ghost;Levitate;Amorphous;-;45;Medium;154;5120;0.3;0.3;0;50;65;107;105;107;86;0;0;0;1;0;1
480;Uxie;Psychic;-;Levitate;Undiscovered;-;3;Slow;261;20480;0.3;0.3;1;75;75;130;75;130;95;0;0;2;0;1;0
481;Mesprit;Psychic;-;Levitate;Undiscovered;-;3;Slow;261;20480;0.3;0.3;1;80;105;105;105;105;80;0;1;0;1;1;0
482;Azelf;Psychic;-;Levitate;Undiscovered;-;3;Slow;261;20480;0.3;0.3;1;75;125;70;125;70;115;0;2;0;1;0;0
483;Dialga;Steel;Dragon;Pressure;Undiscovered;-;3;Slow;306;30720;5.4;683.0;1;100;120;120;150;100;90;0;0;0;3;0;0
484;Palkia;Water;Dragon;Pressure;Undiscovered;-;3;Slow;306;30720;4.2;336.0;1;90;120;100;150;120;100;0;0;0;3;0;0
485;Heatran;Fire;Steel;Flash_Fire;Undiscovered;50;3;Slow;270;2560;1.7;430.0;1;91;90;106;130;106;77;0;0;0;3;0;0
486;Regigigas;Normal;-;Slow_Start;Undiscovered;-;3;Slow;302;30720;3.7;420.0;1;110;160;110;80;110;100;0;3;0;0;0;0
487;Giratina;Ghost;Dragon;Pressure;Undiscovered;-;3;Slow;306;30720;4.5;750.0;1;150;120;100;120;100;90;3;0;0;0;0;0
488;Cresselia;Psychic;-;Levitate;Undiscovered;0;3;Slow;270;30720;1.5;85.6;1;120;70;120;75;130;85;0;0;0;0;3;0
489;Phione;Water;-;Hydration;Water_1,Fairy;-;30;Slow;216;10240;0.4;3.1;0;80;80;80;80;80;80;1;0;0;0;0;0
490;Manaphy;Water;-;Hydration;Water_1,Fairy;-;3;Slow;270;2560;0.3;1.4;1;100;100;100;100;100;100;3;0;0;0;0;0
491;Darkrai;Dark;-;Bad_Dreams;Undiscovered;-;3;Slow;270;30720;1.5;50.5;1;70;90;90;135;90;125;0;0;0;2;0;1
492;Shaymin;Grass;Grass;Natural_Cure;Undiscovered;-;45;MediumSlow;270;30720;0.2;2.1;1;100;103;75;120;75;127;3;0;0;0;0;0
493;Arceus;Normal;-;Multitype;Undiscovered;-;3;Slow;324;30720;3.2;320.0;1;120;120;120;120;120;120;3;0;0;0;0;0
